,Census year,Block ID,Property ID,Base property ID,Street address,CLUE small area,Trading name,Number of patrons,x,y
0,2019,204,101613,101613,377-391 Cardigan Street CARLTON 3053,Carlton,Clyde Hotel,239,144.96575,-37.79726
1,2019,207,106153,106153,331-335 Lygon Street CARLTON 3053,Carlton,Wolfs Lair,80,144.96717,-37.79751
2,2019,214,106186,106186,414-422 Lygon Street CARLTON 3053,Carlton,Green Man's Arms,120,144.96781,-37.79695
3,2019,215,108202,108202,415-421 Rathdowne Street CARLTON 3053,Carlton,The Beaufort,66,144.97043,-37.79652
4,2019,216,102714,102714,350-352 Drummond Street CARLTON 3053,Carlton,Eva on Drummond,70,144.96927,-37.79771
5,2019,218,106215,106215,298 Lygon Street CARLTON 3053,Carlton,Carlton Yacht Club Bar,46,144.96738,-37.79999
6,2019,228,101450,101450,223-227 Canning Street CARLTON 3053,Carlton,Dan O'Connell Hotel,100,144.97339,-37.79303
7,2019,247,106238,106238,192-202 Lygon Street CARLTON 3053,Carlton,Players On Lygon,200,144.9671,-37.80247
8,2019,252,106244,106244,160-162 Lygon Street CARLTON 3053,Carlton,Vodka Temple,200,144.96677,-37.80344
9,2019,255,101593,101593,91-95 Cardigan Street CARLTON 3053,Carlton,Hotel Lincoln,154,144.96451,-37.80449
10,2019,260,103276,103276,614-616 Elizabeth Street MELBOURNE 3000,Carlton,The Last Jar,250,144.95891,-37.80388
11,2019,266,106081,106081,27-31 Lygon Street CARLTON 3053,Carlton,The Curtin,350,144.9657,-37.8062
12,2019,268,108154,108153,49 Rathdowne Street CARLTON 3053,Carlton,Epocha Restaurant,124,144.96856,-37.80577
13,2019,1101,108973,108973,85-161 Spencer Street DOCKLANDS 3008,Docklands,Network Public Bar & Pizzeria,325,144.9522,-37.81843
14,2019,1103,558180,558180,122-148 Harbour Esplanade DOCKLANDS 3008,Docklands,E J Whitten Bar,70,144.94747,-37.81649
15,2019,1103,558180,558180,122-148 Harbour Esplanade DOCKLANDS 3008,Docklands,Locker Room Club Bar,500,144.94747,-37.81649
16,2019,1103,558180,558180,122-148 Harbour Esplanade DOCKLANDS 3008,Docklands,The Medallion Club,5000,144.94747,-37.81649
17,2019,1103,558180,558180,122-148 Harbour Esplanade DOCKLANDS 3008,Docklands,Legends Bar,250,144.94747,-37.81649
18,2019,1104,576024,576023,747-757 Bourke Street DOCKLANDS 3008,Docklands,The Nixon Hotel,300,144.94781,-37.81918
19,2019,1105,628712,628712,717-731 Collins Street DOCKLANDS 3008,Docklands,Bar Nicional,75,144.95008,-37.82071
20,2019,1105,640970,640970,14-24 Batmans Hill Drive DOCKLANDS 3008,Docklands,Hightail,900,144.94986,-37.82129
21,2019,1108,604125,604125,143-175 Harbour Esplanade DOCKLANDS 3008,Docklands,Mama Rumaan,60,144.94363,-37.8165
22,2019,1108,604125,604125,143-175 Harbour Esplanade DOCKLANDS 3008,Docklands,Alumbra,690,144.94363,-37.8165
23,2019,1109,560004,560004,24-42 Newquay Promenade DOCKLANDS 3008,Docklands,Solidaire Victoria,321,144.94217,-37.81436
24,2019,1109,601809,593728,425-427 Docklands Drive DOCKLANDS 3008,Docklands,Waterfront Venues Melbourne,1059,144.93921,-37.81504
25,2019,1110,593739,593739,99-127 Pearl River Road DOCKLANDS 3008,Docklands,Igloo Cafe & St Moritz Bar,100,144.93565,-37.81214
26,2019,1112,103982,103982,705-729 Flinders Street DOCKLANDS 3008,Docklands,The Flying Angel Club,200,144.95134,-37.82247
27,2019,131,108844,108844,1-5 Spencer Street DOCKLANDS 3008,Docklands,Crown Plaza,60,144.95501,-37.82267
28,2019,613,595153,109643,166 Albert Street EAST MELBOURNE 3002,East Melbourne,Cohen Cellars Wine Bar,40,144.98562,-37.81005
29,2019,658,110266,110266,120 Brunton Avenue EAST MELBOURNE 3002,East Melbourne,Spotless Services,2800,144.98316,-37.82
30,2019,14,101099,101099,16-26 Bond Street MELBOURNE 3000,Melbourne (CBD),Bond Bar,500,144.96306,-37.81815
31,2019,14,103165,103165,1-5 Elizabeth Street MELBOURNE 3000,Melbourne (CBD),Dreams Gentlemen's Club,160,144.96461,-37.81806
32,2019,14,103172,103172,31-39 Elizabeth Street MELBOURNE 3000,Melbourne (CBD),The Joint Bar,329,144.96433,-37.81742
33,2019,14,103946,103946,313-315 Flinders Lane MELBOURNE 3000,Melbourne (CBD),Randy Dragon,100,144.96385,-37.81764
34,2019,14,103950,103950,335-339 Flinders Lane MELBOURNE 3000,Melbourne (CBD),Bartronica,200,144.96323,-37.81785
35,2019,14,104003,104003,2-8 Queen Street MELBOURNE 3000,Melbourne (CBD),Candela Nuevo,300,144.96271,-37.81859
36,2019,15,103944,103944,277-279 Flinders Lane MELBOURNE 3000,Melbourne (CBD),The Mill House Bar,400,144.9653,-37.81724
37,2019,15,109257,109257,1-7 Swanston Street MELBOURNE 3000,Melbourne (CBD),Young & Jacksons,470,144.96702,-37.81736
38,2019,16,103938,103938,187 Flinders Lane MELBOURNE 3000,Melbourne (CBD),Mon Bijou,180,144.96838,-37.81636
39,2019,16,103938,103938,187 Flinders Lane MELBOURNE 3000,Melbourne (CBD),The Adelphi Hotel,80,144.96838,-37.81636
40,2019,16,104020,104020,150-162 Flinders Street MELBOURNE 3000,Melbourne (CBD),Forum Theatre Bar,1500,144.96939,-37.81649
41,2019,16,108532,108532,27-37 Russell Street MELBOURNE 3000,Melbourne (CBD),Whiskey Den,40,144.96925,-37.81599
42,2019,24,103174,103174,55-57 Elizabeth Street MELBOURNE 3000,Melbourne (CBD),Fiftyfive,88,144.96413,-37.81697
43,2019,25,101789,101789,252-254 Flinders Lane MELBOURNE 3000,Melbourne (CBD),Hell's Kitchen,55,144.9656,-37.8166
44,2019,35,102141,102141,280-292 Collins Street MELBOURNE 3000,Melbourne (CBD),The Charles Dickens Tavern,450,144.96435,-37.81553
45,2019,35,105919,105919,267 Little Collins Street MELBOURNE 3000,Melbourne (CBD),Bar Americano,10,144.9656,-37.81483
46,2019,35,105919,105919,267 Little Collins Street MELBOURNE 3000,Melbourne (CBD),Polepole Bar,100,144.9656,-37.81483
47,2019,35,109271,109271,125-133 Swanston Street MELBOURNE 3000,Melbourne (CBD),Max Watt's,800,144.9658,-37.81472
48,2019,35,558610,558610,256 Collins Street MELBOURNE 3000,Melbourne (CBD),The Butterfly Club,190,144.96529,-37.81552
49,2019,36,102152,102152,162-168 Collins Street MELBOURNE 3000,Melbourne (CBD),The George on Collins,620,144.96785,-37.8145
50,2019,45,105960,105960,318-322 Little Collins Street MELBOURNE 3000,Melbourne (CBD),New Guernica,380,144.96401,-37.81489
51,2019,46,101130,101130,193-199 Bourke Street MELBOURNE 3000,Melbourne (CBD),The Carlton Hotel,366,144.96765,-37.8132
52,2019,46,101133,101133,209-215 Bourke Street MELBOURNE 3000,Melbourne (CBD),Treasure Star,150,144.9673,-37.81328
53,2019,46,105963,105963,196-212 Little Collins Street MELBOURNE 3000,Melbourne (CBD),Hana,50,144.96715,-37.8139
54,2019,46,105964,105964,188-194 Little Collins Street MELBOURNE 3000,Melbourne (CBD),Gin Palace,150,144.96758,-37.81391
55,2019,46,108536,108536,115-127 Russell Street MELBOURNE 3000,Melbourne (CBD),Portland Hotel,414,144.9682,-37.81366
56,2019,46,108537,108537,131-141 Russell Street MELBOURNE 3000,Melbourne (CBD),QT Melbourne,885,144.96784,-37.81343
57,2019,46,109413,109413,146 Swanston Street MELBOURNE 3000,Melbourne (CBD),Cabinet Bar,90,144.9662,-37.81418
58,2019,46,111394,111394,16-30 Russell Place MELBOURNE 3000,Melbourne (CBD),Bar Ampere,60,144.96744,-37.81355
59,2019,54,104653,104653,21-25 Hardware Lane MELBOURNE 3000,Melbourne (CBD),Campari House,326,144.96131,-37.81409
60,2019,54,109954,109954,15-19 Warburton Lane MELBOURNE 3000,Melbourne (CBD),Murmur,50,144.96185,-37.81381
61,2019,55,101193,101193,338-352 Bourke Street MELBOURNE 3000,Melbourne (CBD),Alto Event Space,400,144.96329,-37.8136
62,2019,55,101194,101194,314-336 Bourke Street MELBOURNE 3000,Melbourne (CBD),Mural Hall,900,144.96383,-37.81345
63,2019,55,109284,109284,191-205 Swanston Street MELBOURNE 3000,Melbourne (CBD),Black Opal,200,144.96501,-37.8131
64,2019,55,109284,109284,191-205 Swanston Street MELBOURNE 3000,Melbourne (CBD),Cocoon Bar,200,144.96501,-37.8131
65,2019,56,101206,101206,188 Bourke Street MELBOURNE 3000,Melbourne (CBD),Heros Rooftop Bar,302,144.96761,-37.8127
66,2019,56,101207,101207,184-186 Bourke Street MELBOURNE 3000,Melbourne (CBD),Stars KTV and Lounge,204,144.96769,-37.81268
67,2019,6,578327,573333,2 Swanston Street MELBOURNE 3000,Melbourne (CBD),Zinc at Federation Square,1000,144.96982,-37.81779
68,2019,6,578321,573333,2 Swanston Street MELBOURNE 3000,Melbourne (CBD),Beer De Luxe,1000,144.96982,-37.81779
69,2019,6,578324,573333,2 Swanston Street MELBOURNE 3000,Melbourne (CBD),Transit Rooftop Bar,200,144.96982,-37.81779
70,2019,6,578324,573333,2 Swanston Street MELBOURNE 3000,Melbourne (CBD),Transport Hotel,600,144.96982,-37.81779
71,2019,64,104659,104659,67-73 Hardware Lane MELBOURNE 3000,Melbourne (CBD),Charlie's Bar,143,144.96091,-37.81323
72,2019,64,104659,104659,67-73 Hardware Lane MELBOURNE 3000,Melbourne (CBD),The Mill,119,144.96091,-37.81323
73,2019,64,105700,105700,359-363 Lonsdale Street MELBOURNE 3000,Melbourne (CBD),Whitehart,200,144.96188,-37.81275
74,2019,64,105704,105704,377-381 Lonsdale Street MELBOURNE 3000,Melbourne (CBD),Trapt Bar & Escape Rooms,331,144.96145,-37.81288
75,2019,64,105870,105870,380-384 Little Bourke Street MELBOURNE 3000,Melbourne (CBD),Kirk's Public Bar,98,144.96133,-37.81354
76,2019,64,515538,515538,4-6 Goldie Place MELBOURNE 3000,Melbourne (CBD),Paris Cat Jazz Club,120,144.96083,-37.81352
77,2019,65,105875,105875,318-322 Little Bourke Street MELBOURNE 3000,Melbourne (CBD),Beneath Driver Lane,118,144.96313,-37.81293
78,2019,65,105875,105875,318-322 Little Bourke Street MELBOURNE 3000,Melbourne (CBD),Penny Blue,85,144.96313,-37.81293
79,2019,65,109292,109292,243-249 Swanston Street MELBOURNE 3000,Melbourne (CBD),The Lounge,212,144.96474,-37.8123
80,2019,66,105691,105691,209-211 Lonsdale Street MELBOURNE 3000,Melbourne (CBD),Boilermaker House,180,144.96626,-37.81143
81,2019,66,105694,105694,233-237 Lonsdale Street MELBOURNE 3000,Melbourne (CBD),The Emerald Peacock,300,144.96555,-37.81158
82,2019,66,105694,105694,233-237 Lonsdale Street MELBOURNE 3000,Melbourne (CBD),Mezcalito Agave Bar,100,144.96555,-37.81158
83,2019,66,105695,105695,239 Lonsdale Street MELBOURNE 3000,Melbourne (CBD),Ferdydurke,100,144.96538,-37.81159
84,2019,66,105878,105878,242-244 Little Bourke Street MELBOURNE 3000,Melbourne (CBD),Shanghai Club,209,144.96559,-37.8121
85,2019,66,108547,108547,199-203 Russell Street MELBOURNE 3000,Melbourne (CBD),Exford Hotel,300,144.96734,-37.81179
86,2019,66,109390,109390,264-266 Swanston Street MELBOURNE 3000,Melbourne (CBD),Goldilocks,60,144.96515,-37.81181
87,2019,66,109392,109392,248-258 Swanston Street MELBOURNE 3000,Melbourne (CBD),The Toff In Town,342,144.96527,-37.81199
88,2019,66,109392,109392,248-258 Swanston Street MELBOURNE 3000,Melbourne (CBD),Rooftop Cinema & Bar,200,144.96527,-37.81199
89,2019,66,109392,109392,248-258 Swanston Street MELBOURNE 3000,Melbourne (CBD),Cookie,300,144.96527,-37.81199
90,2019,66,109392,109392,248-258 Swanston Street MELBOURNE 3000,Melbourne (CBD),Mesa Verde,175,144.96527,-37.81199
91,2019,66,109436,109436,27-29 Tattersalls Lane MELBOURNE 3000,Melbourne (CBD),Section 8 Bar,100,144.96539,-37.81176
92,2019,66,109952,109952,7-9 Waratah Place MELBOURNE 3000,Melbourne (CBD),Manchuria,80,144.96699,-37.81162
93,2019,66,635138,635138,13 Heffernan Lane MELBOURNE 3000,Melbourne (CBD),Union Electric,100,144.96659,-37.8118
94,2019,74,104662,104662,106-112 Hardware Street MELBOURNE 3000,Melbourne (CBD),Mjolner Melbourne,200,144.96068,-37.81214
95,2019,74,106017,106017,391-393 Little Lonsdale Street MELBOURNE 3000,Melbourne (CBD),La La Land,175,144.96034,-37.81187
96,2019,74,106018,106018,395-397 Little Lonsdale Street MELBOURNE 3000,Melbourne (CBD),Horse Bazaar,158,144.96025,-37.8119
97,2019,74,106019,106019,399-401 Little Lonsdale Street MELBOURNE 3000,Melbourne (CBD),Novotel/Ibis Melbourne Central,786,144.96014,-37.81205
98,2019,76,589841,105749,221 Little Lonsdale Street MELBOURNE 3000,Melbourne (CBD),Father's Office,370,144.96572,-37.81068
99,2019,76,589841,105749,221 Little Lonsdale Street MELBOURNE 3000,Melbourne (CBD),Idarts Hive,100,144.96572,-37.81068
100,2019,76,589841,105749,221 Little Lonsdale Street MELBOURNE 3000,Melbourne (CBD),Strike Bowling,370,144.96572,-37.81068
101,2019,84,103207,103207,315-321 Elizabeth Street MELBOURNE 3000,Melbourne (CBD),The Meeting Place,250,144.96146,-37.81122
102,2019,84,106037,106037,324-328 Little Lonsdale Street MELBOURNE 3000,Melbourne (CBD),Alchemist's Refuge,60,144.95994,-37.81167
103,2019,85,102596,102596,22 Drewery Place MELBOURNE 3000,Melbourne (CBD),Sister Bella,80,144.96382,-37.81135
104,2019,85,102597,102597,2-20 Drewery Place MELBOURNE 3000,Melbourne (CBD),Baroq House,303,144.96397,-37.8113
105,2019,85,105746,105746,183-265 La Trobe Street MELBOURNE 3000,Melbourne (CBD),Strike Melbourne Central,760,144.96277,-37.81051
106,2019,85,105746,105746,183-265 La Trobe Street MELBOURNE 3000,Melbourne (CBD),B. Lucky & Sons,300,144.96277,-37.81051
107,2019,85,105746,105746,183-265 La Trobe Street MELBOURNE 3000,Melbourne (CBD),Hoyts,300,144.96277,-37.81051
108,2019,85,105746,105746,183-265 La Trobe Street MELBOURNE 3000,Melbourne (CBD),Party World,500,144.96277,-37.81051
109,2019,85,105746,105746,183-265 La Trobe Street MELBOURNE 3000,Melbourne (CBD),Melbourne Central Lion Hotel,550,144.96277,-37.81051
110,2019,85,105746,105746,183-265 La Trobe Street MELBOURNE 3000,Melbourne (CBD),Diesel Bar,375,144.96277,-37.81051
111,2019,85,109302,109302,281-287 Swanston Street MELBOURNE 3000,Melbourne (CBD),Mui Karaoke,243,144.96436,-37.81143
112,2019,85,109302,109302,281-287 Swanston Street MELBOURNE 3000,Melbourne (CBD),Bornga,40,144.96436,-37.81143
113,2019,85,109304,109304,301-303 Swanston Street MELBOURNE 3000,Melbourne (CBD),Cheek,98,144.96419,-37.81108
114,2019,327,102352,102352,171-173 Curzon Street NORTH MELBOURNE 3051,North Melbourne,Albion Hotel,100,144.94855,-37.7989
115,2019,345,103393,103393,7 Errol Street NORTH MELBOURNE 3051,North Melbourne,Joe Taylor,60,144.94901,-37.8048
116,2019,345,103402,103402,33 Errol Street NORTH MELBOURNE 3051,North Melbourne,Townhall Hotel North Melbourne,80,144.9488,-37.80412
117,2019,347,110920,110920,161-163 Errol Street NORTH MELBOURNE 3051,North Melbourne,Limerick Castle Hotel & Restaurant,50,144.94964,-37.80116
118,2019,355,105636,105636,46-50 Leveson Street NORTH MELBOURNE 3051,North Melbourne,The Leveson,400,144.95146,-37.8037
119,2019,358,107887,107887,351-359 Queensberry Street NORTH MELBOURNE 3051,North Melbourne,Bobbie Peels,240,144.95597,-37.80396
120,2019,358,109829,109829,312-316 Victoria Street NORTH MELBOURNE 3051,North Melbourne,Victoria Hotel,130,144.9557,-37.80563
121,2019,361,109842,109842,240-248 Victoria Street NORTH MELBOURNE 3051,North Melbourne,Central Club Hotel,150,144.95812,-37.80591
122,2019,362,109843,109843,232-238 Victoria Street MELBOURNE 3000,North Melbourne,The Last Chance Rock & Roll Bar,180,144.95859,-37.80593
123,2019,369,103507,103507,86-90 Errol Street NORTH MELBOURNE 3051,North Melbourne,The Courthouse Hotel,50,144.94996,-37.80288
124,2019,376,508976,110862,42 Courtney Street NORTH MELBOURNE 3051,North Melbourne,Metropolitan Hotel,100,144.95409,-37.80143
125,2019,377,102236,102236,56-58 Courtney Street NORTH MELBOURNE 3051,North Melbourne,The Castle Hotel,317,144.95303,-37.8009
126,2019,270,579293,104468,230 Grattan Street PARKVILLE 3010,Parkville,University House Club,611,144.96124,-37.79675
127,2019,270,664626,104468,230 Grattan Street PARKVILLE 3010,Parkville,The Ida Bar,200,144.96124,-37.79675
128,2019,904,556742,556742,419-443 Royal Parade PARKVILLE 3052,Parkville,Vibe Hotel,69,144.95882,-37.7829
129,2019,419,108876,108876,573-579 Spencer Street WEST MELBOURNE 3003,West Melbourne (Residential),McMahons Hotel,160,144.94699,-37.8074
130,2019,435,107481,107481,65-67 Peel Street WEST MELBOURNE 3003,West Melbourne (Residential),The Drunken Poet Pty Ltd,50,144.9555,-37.80667
131,2019,441,108856,108856,475-477 Spencer Street WEST MELBOURNE 3003,West Melbourne (Residential),Hotel Spencer Bar & Grill,150,144.94925,-37.80957
132,2019,2530,616125,616125,RSL 25-27 Rankins Road KENSINGTON VIC 3031,Kensington,Flemington & Kensington RSL Club,90,144.9322,-37.78932
133,2019,2530,616160,616160,The Quiet Man Hotel 265-271 Racecourse Road KENSINGTON VIC 3031,Kensington,The Quiet Man Irishman  Pub,400,144.93237,-37.78861
134,2019,2538,616156,616156,40-48 Stubbs Street KENSINGTON VIC 3031,Kensington,Bonehead Brewing,80,144.93519,-37.79045
135,2019,508,100820,100820,38-44 Barrett Street KENSINGTON VIC 3031,Kensington,Henry St Brewhouse,75,144.93434,-37.7981
136,2019,103,100160,100160,196-200 A'Beckett Street MELBOURNE 3000,Melbourne (CBD),Nomads Melbourne,200,144.95744,-37.80999
137,2019,103,104086,104086,211-213 Franklin Street MELBOURNE 3000,Melbourne (CBD),Island Somewhere/Pinball Paradise,120,144.95784,-37.80968
138,2019,104,103219,103219,413-417 Elizabeth Street MELBOURNE 3000,Melbourne (CBD),Workshop,230,144.96052,-37.80919
139,2019,105,103301,103301,442-450 Elizabeth Street MELBOURNE 3000,Melbourne (CBD),Kicks,365,144.96086,-37.80831
140,2019,107,108561,108561,380-388 Russell Street MELBOURNE 3000,Melbourne (CBD),Blue Moon Bar,170,144.9661,-37.80748
141,2019,11,103984,103984,566-580 Flinders Street MELBOURNE 3000,Melbourne (CBD),UBar,128,144.95534,-37.82071
142,2019,11,103993,103993,508-514 Flinders Street MELBOURNE 3000,Melbourne (CBD),Waterside Hotel,983,144.95715,-37.82017
143,2019,11,105294,105294,27-31 King Street MELBOURNE 3000,Melbourne (CBD),State Of Grace,200,144.95695,-37.81976
144,2019,11,108971,108971,561-585 Flinders Lane MELBOURNE 3000,Melbourne (CBD),Holiday Inn On Flinders Melbourne,100,144.9551,-37.8202
145,2019,115,104103,104103,34-38 Franklin Street MELBOURNE 3000,Melbourne (CBD),Captain Melville,355,144.96162,-37.80752
146,2019,12,103994,103994,502-504 Flinders Street MELBOURNE 3000,Melbourne (CBD),Insignia on Flinders,100,144.95766,-37.82006
147,2019,12,104824,104824,11A Highlander Lane MELBOURNE 3000,Melbourne (CBD),Highlander Bar,202,144.95797,-37.8197
148,2019,12,105399,105399,26-32 King Street MELBOURNE 3000,Melbourne (CBD),Clique Bar,222,144.95747,-37.81953
149,2019,12,105401,105401,14-20 King Street MELBOURNE 3000,Melbourne (CBD),Spearmint Rhino Gentlemen's Club,660,144.95771,-37.81978
150,2019,12,105401,105401,14-20 King Street MELBOURNE 3000,Melbourne (CBD),Tramp Bar,260,144.95771,-37.81978
151,2019,17,103592,103592,11-37 Exhibition Street MELBOURNE 3000,Melbourne (CBD),The Fair Trader Cafe,118,144.97173,-37.81546
152,2019,17,103922,103922,95-101 Flinders Lane MELBOURNE 3000,Melbourne (CBD),Garden State Hotel,840,144.9711,-37.81553
153,2019,17,103924,103924,107-109 Flinders Lane MELBOURNE 3000,Melbourne (CBD),Jack & Bones,230,144.97083,-37.81561
154,2019,17,103925,103925,121-123 Flinders Lane MELBOURNE 3000,Melbourne (CBD),Sake Restaurant and Bar,350,144.97051,-37.81567
155,2019,17,103926,103926,125-127 Flinders Lane MELBOURNE 3000,Melbourne (CBD),GoGo Bar,300,144.9704,-37.81569
156,2019,17,103928,103928,133-135 Flinders Lane MELBOURNE 3000,Melbourne (CBD),Meatball & Wine Bar,110,144.97016,-37.81574
157,2019,17,574438,574438,84-94 Flinders Street MELBOURNE 3000,Melbourne (CBD),Eau-De-Vie,150,144.97168,-37.81595
158,2019,18,103914,103914,31-35 Flinders Lane MELBOURNE 3000,Melbourne (CBD),White Lane by Food & Desire,250,144.97329,-37.8149
159,2019,18,108977,108977,25-31 Spring Street MELBOURNE 3000,Melbourne (CBD),HiHou,80,144.9741,-37.81455
160,2019,21,606461,606461,607-623 Collins Street MELBOURNE 3000,Melbourne (CBD),Batman's Hill On Collins Hotel,1500,144.95469,-37.81929
161,2019,22,105394,105394,62-66 King Street MELBOURNE 3000,Melbourne (CBD),KSR Art Bar,240,144.95715,-37.81875
162,2019,23,102098,102098,415-417 Collins Street MELBOURNE 3000,Melbourne (CBD),The Sherlock Holmes Inn,131,144.96087,-37.81747
163,2019,23,102099,102099,419-429 Collins Street MELBOURNE 3000,Melbourne (CBD),Ms Collins,850,144.96065,-37.81753
164,2019,23,106436,106436,54-60 Market Street MELBOURNE 3000,Melbourne (CBD),Oak & Vine Bar,370,144.96082,-37.81778
165,2019,27,102064,102064,69-73 Collins Street MELBOURNE 3000,Melbourne (CBD),Harley House,210,144.97135,-37.81434
166,2019,27,541562,102071,121-131 Collins Street MELBOURNE 3000,Melbourne (CBD),RU-CO,400,144.96988,-37.81508
167,2019,27,597183,102071,121-131 Collins Street MELBOURNE 3000,Melbourne (CBD),Spice Market,800,144.96988,-37.81508
168,2019,33,100727,100727,5-9 Bank Place MELBOURNE 3000,Melbourne (CBD),Mitre Tavern,300,144.96029,-37.8168
169,2019,33,100730,100730,12-16 Bank Place MELBOURNE 3000,Melbourne (CBD),Melbourne Savage Club,90,144.96058,-37.81655
170,2019,33,102124,102124,430-442 Collins Street MELBOURNE 3000,Melbourne (CBD),The Mug House,80,144.95976,-37.81703
171,2019,33,105933,105933,425-427 Little Collins Street MELBOURNE 3000,Melbourne (CBD),The Irish Times,170,144.96054,-37.81625
172,2019,33,105936,105936,433 Little Collins Street MELBOURNE 3000,Melbourne (CBD),Dikstein's Corner Bar,145,144.96034,-37.81631
173,2019,33,105937,105937,435-443 Little Collins Street MELBOURNE 3000,Melbourne (CBD),Marrakech Bar,200,144.9601,-37.8164
174,2019,33,108064,108064,85-91 Queen Street MELBOURNE 3000,Melbourne (CBD),The Black Rabbit,230,144.96102,-37.8165
175,2019,33,108065,108065,93-95 Queen Street MELBOURNE 3000,Melbourne (CBD),GG EZ Bar,167,144.96098,-37.81638
176,2019,33,108067,108067,103-105 Queen Street MELBOURNE 3000,Melbourne (CBD),Chaise Lounge,140,144.96081,-37.81615
177,2019,33,110148,110148,98-110 William Street MELBOURNE 3000,Melbourne (CBD),The Australian Club,280,144.95912,-37.81675
178,2019,33,102131,110666,394 Collins Street MELBOURNE 3000,Melbourne (CBD),The Bank On Collins,300,144.96108,-37.81662
179,2019,37,102158,102158,86-88 Collins Street MELBOURNE 3000,Melbourne (CBD),Collins Quarter,290,144.97058,-37.81394
180,2019,37,102158,102158,86-88 Collins Street MELBOURNE 3000,Melbourne (CBD),Pink Alley Bar,83,144.97058,-37.81394
181,2019,41,105948,105948,582-584 Little Collins Street MELBOURNE 3000,Melbourne (CBD),Saint & Rogue,300,144.95535,-37.81742
182,2019,42,105392,105392,120-138 King Street MELBOURNE 3000,Melbourne (CBD),El Coco,500,144.95641,-37.81703
183,2019,43,101154,101154,483-501 Bourke Street MELBOURNE 3000,Melbourne (CBD),RACV City Club,150,144.95958,-37.81589
184,2019,43,108068,108068,111-129 Queen Street MELBOURNE 3000,Melbourne (CBD),CitiClub On Queen Hotel,940,144.96063,-37.81581
185,2019,43,108068,108068,111-129 Queen Street MELBOURNE 3000,Melbourne (CBD),Da Ha,200,144.96063,-37.81581
186,2019,43,108068,108068,111-129 Queen Street MELBOURNE 3000,Melbourne (CBD),CQ Bar,80,144.96063,-37.81581
187,2019,43,108069,108069,131-141 Queen Street MELBOURNE 3000,Melbourne (CBD),The Turf Bar & Restaurant,527,144.96053,-37.8155
188,2019,48,101109,101109,39-43 Bourke Street MELBOURNE 3000,Melbourne (CBD),Spleen Central,100,144.97205,-37.81194
189,2019,48,101113,101113,59-63 Bourke Street MELBOURNE 3000,Melbourne (CBD),Club Asuka,150,144.97157,-37.81212
190,2019,48,101116,101116,79-85 Bourke Street MELBOURNE 3000,Melbourne (CBD),Good Heavens,400,144.97104,-37.81218
191,2019,48,103626,103626,114-122 Exhibition Street MELBOURNE 3000,Melbourne (CBD),European Bier Cafe,550,144.9712,-37.81286
192,2019,48,105968,105968,62-66 Little Collins Street MELBOURNE 3000,Melbourne (CBD),Magic Mountain Saloon,285,144.97144,-37.81281
193,2019,48,503031,503031,19-23 Meyers Place MELBOURNE 3000,Melbourne (CBD),Loop Project Space & Bar,152,144.97211,-37.81215
194,2019,51,108963,108963,672-696 Bourke Street MELBOURNE 3000,Melbourne (CBD),Mail Exchange Hotel,600,144.95359,-37.81663
195,2019,52,592048,592048,188-202 King Street MELBOURNE 3000,Melbourne (CBD),La Di Da,458,144.95562,-37.81551
196,2019,53,110145,110145,170-176 William Street MELBOURNE 3000,Melbourne (CBD),Pho Melbourne,50,144.95822,-37.81492
197,2019,57,101212,101212,152-158 Bourke Street MELBOURNE 3000,Melbourne (CBD),Charltons Entertainment Complex / Roxanne Bar,1500,144.96852,-37.81196
198,2019,57,101214,101214,146-150 Bourke Street MELBOURNE 3000,Melbourne (CBD),FM Karaoke Bar,100,144.96874,-37.81235
199,2019,57,101216,101216,21-25 Croft Alley MELBOURNE 3000,Melbourne (CBD),The Croft Institute,250,144.96909,-37.81206
200,2019,57,101217,101217,124-128 Bourke Street MELBOURNE 3000,Melbourne (CBD),Welcome Stranger,350,144.96926,-37.81207
201,2019,57,101218,101218,118-122 Bourke Street MELBOURNE 3000,Melbourne (CBD),Fireflies Club,72,144.96955,-37.81207
202,2019,57,101221,101221,94-96 Bourke Street MELBOURNE 3000,Melbourne (CBD),The Elephant and Wheelbarrow,450,144.97024,-37.81191
203,2019,58,101230,101230,54-62 Bourke Street MELBOURNE 3000,Melbourne (CBD),Romeo Lane,99,144.97138,-37.81155
204,2019,58,101236,101236,12 Bourke Street MELBOURNE 3000,Melbourne (CBD),Angel Music Bar,125,144.97251,-37.81125
205,2019,58,101238,101238,2-8 Bourke Street MELBOURNE 3000,Melbourne (CBD),Imperial Hotel,894,144.97268,-37.8112
206,2019,58,105657,105657,21 Liverpool Street MELBOURNE 3000,Melbourne (CBD),Double Happiness Bar / New Gold Mountain,164,144.97126,-37.81118
207,2019,58,105828,105828,19-25 Little Bourke Street MELBOURNE 3000,Melbourne (CBD),Mrs Parma's,300,144.97199,-37.81074
208,2019,58,105829,105829,37-41 Little Bourke Street MELBOURNE 3000,Melbourne (CBD),Juliet Melbourne,100,144.97151,-37.81084
209,2019,58,108986,108986,161 Spring Street MELBOURNE 3000,Melbourne (CBD),The European,703,144.97243,-37.81095
210,2019,61,105308,105308,203-207 King Street MELBOURNE 3000,Melbourne (CBD),Bar Humbug,30,144.95497,-37.81539
211,2019,61,105716,105716,597-603 Lonsdale Street MELBOURNE 3000,Melbourne (CBD),The Men's Gallery,675,144.95449,-37.8149
212,2019,61,105858,105858,590-592 Little Bourke Street MELBOURNE 3000,Melbourne (CBD),Holey Moley Golf Club,700,144.9547,-37.81534
213,2019,63,105867,105867,428-432 Little Bourke Street MELBOURNE 3000,Melbourne (CBD),Denmark House/The Danish Club,100,144.95973,-37.81393
214,2019,67,102198,102198,22-26 Corrs Lane MELBOURNE 3000,Melbourne (CBD),Playground,50,144.96832,-37.811
215,2019,67,102199,102199,16-20 Corrs Lane MELBOURNE 3000,Melbourne (CBD),Euro House / Pulp Club,200,144.96839,-37.81113
216,2019,67,102199,102199,16-20 Corrs Lane MELBOURNE 3000,Melbourne (CBD),House of Maximon / Berlin Bar,300,144.96839,-37.81113
217,2019,67,102200,102200,12-14 Corrs Lane MELBOURNE 3000,Melbourne (CBD),Fad Gallery,80,144.96843,-37.81123
218,2019,67,105673,105673,103-105 Lonsdale Street MELBOURNE 3000,Melbourne (CBD),Bomba Tapas Bar and Rooftop,145,144.96925,-37.81049
219,2019,67,105675,105675,113 Lonsdale Street MELBOURNE 3000,Melbourne (CBD),Seamstress,160,144.96901,-37.81057
220,2019,67,108581,108581,226-236 Russell Street MELBOURNE 3000,Melbourne (CBD),Heartbreaker,166,144.96764,-37.81098
221,2019,68,105900,105900,40-46 Little Bourke Street MELBOURNE 3000,Melbourne (CBD),Longsong,250,144.97118,-37.81059
222,2019,71,105318,105318,277-287 King Street MELBOURNE 3000,Melbourne (CBD),Hotel Sophia,116,144.9542,-37.81368
223,2019,72,110106,110106,263-267 William Street MELBOURNE 3000,Melbourne (CBD),Metropolitan Hotel,300,144.95658,-37.81292
224,2019,77,108573,108573,270 Russell Street MELBOURNE 3000,Melbourne (CBD),Whisky and Alement,90,144.96716,-37.81011
225,2019,77,108573,108573,270 Russell Street MELBOURNE 3000,Melbourne (CBD),Melbourne Whisky Room,50,144.96716,-37.81011
226,2019,78,103618,103618,242-284 Exhibition Street MELBOURNE 3000,Melbourne (CBD),Coopers Inn,400,144.96998,-37.80942
227,2019,78,110724,580091,17 Casselden Place MELBOURNE 3000,Melbourne (CBD),Little Lon Distilling Co.,20,144.97073,-37.8092
228,2019,87,106057,106057,106 Little Lonsdale Street MELBOURNE 3000,Melbourne (CBD),Troika Bar,60,144.96859,-37.80915
229,2019,87,106059,106059,100 Little Lonsdale Street MELBOURNE 3000,Melbourne (CBD),Gami Chicken and Beer,73,144.96872,-37.80914
230,2019,87,108567,108567,300 Russell Street MELBOURNE 3000,Melbourne (CBD),Jankara Karaoke,80,144.9669,-37.80952
231,2019,95,109314,109314,401-405 Swanston Street MELBOURNE 3000,Melbourne (CBD),Imix Club & Bar,360,144.96322,-37.80904
232,2019,95,109314,109314,401-405 Swanston Street MELBOURNE 3000,Melbourne (CBD),Little Jax,189,144.96322,-37.80904
233,2019,96,606638,105490,124 La Trobe Street MELBOURNE 3000,Melbourne (CBD),Pearson and Murphy's Cafe,156,144.96455,-37.80818
234,2019,97,105493,105493,52 La Trobe Street MELBOURNE 3000,Melbourne (CBD),Karaoke Box,300,144.96725,-37.80829
235,2019,710,108617,108617,Royce Hotel 375-385 St Kilda Road MELBOURNE VIC 3004,Melbourne (Remainder),Royce Hotel,120,144.97554,-37.83509
236,2019,724,106798,106798,557 St Kilda Road MELBOURNE VIC 3004,Melbourne (Remainder),Ormond Collective,350,144.98134,-37.84752
237,2019,730,110401,110401,334-342 City Road SOUTHBANK VIC 3006,Southbank,Urban Central Accomodation/Bar334,290,144.95735,-37.82784
238,2019,730,110473,110473,65-73 Haig Street SOUTHBANK VIC 3006,Southbank,The Backlot Studios,78,144.95656,-37.82788
239,2019,733,110399,110399,105-107 Clarendon Street SOUTHBANK VIC 3006,Southbank,The Cloakroom Bar,50,144.95825,-37.82712
240,2019,752,108653,110733,Theatres 100 St Kilda Road SOUTHBANK VIC 3006,Southbank,The Barre,300,144.96817,-37.82095
241,2019,753,110606,110380,Southgate 3 Southgate Avenue SOUTHBANK VIC 3006,Southbank,Waterslide Bar,200,144.9663,-37.82071
242,2019,753,110606,110380,Southgate 3 Southgate Avenue SOUTHBANK VIC 3006,Southbank,P J O'Briens Irish Pub & Side Bar,549,144.9663,-37.82071
243,2019,801,110326,110326,4 Riverside Quay SOUTHBANK VIC 3006,Southbank,Soho Restaurant & Bar,200,144.96338,-37.82092
244,2019,801,110335,110335,1-9 Southbank Boulevard SOUTHBANK VIC 3006,Southbank,Left Bank Melbourne,400,144.96286,-37.82106
245,2019,801,559161,559161,Eureka Tower 3-7 Riverside Quay SOUTHBANK VIC 3006,Southbank,Belgian Beer Cafe Melbourne,638,144.96453,-37.82167
246,2019,803,111175,110477,Crown Entertainment Complex 8 Whiteman Street SOUTHBANK VIC 3006,Southbank,R Bar by Rockpool,120,144.95835,-37.82315
247,2019,803,111175,110477,Crown Entertainment Complex 8 Whiteman Street SOUTHBANK VIC 3006,Southbank,The Pub at Crown,650,144.95835,-37.82315
248,2019,803,111175,110477,Crown Entertainment Complex 8 Whiteman Street SOUTHBANK VIC 3006,Southbank,Groove Live Bar and Terrace,600,144.95835,-37.82315
249,2019,803,111175,110477,Crown Entertainment Complex 8 Whiteman Street SOUTHBANK VIC 3006,Southbank,Jackpot Bar,80,144.95835,-37.82315
250,2019,803,597190,110477,Crown Towers Hotel 8 Whiteman Street SOUTHBANK VIC 3006,Southbank,Club 23,450,144.95835,-37.82315
251,2019,803,111175,110477,Crown Entertainment Complex 8 Whiteman Street SOUTHBANK VIC 3006,Southbank,Crown Entertainment Complex,320,144.95835,-37.82315
252,2019,803,111175,110477,Crown Entertainment Complex 8 Whiteman Street SOUTHBANK VIC 3006,Southbank,Lumia Bar,140,144.95835,-37.82315
253,2019,803,111175,110477,Crown Entertainment Complex 8 Whiteman Street SOUTHBANK VIC 3006,Southbank,Atrium Bar,100,144.95835,-37.82315
254,2019,803,111175,110477,Crown Entertainment Complex 8 Whiteman Street SOUTHBANK VIC 3006,Southbank,Velvet Bar,200,144.95835,-37.82315
255,2019,804,110988,110988,29-65 South Wharf Promenade SOUTH WHARF VIC 3006,Southbank,Munich Brau Haus,1100,144.9505,-37.82411
256,2019,804,110988,110988,29-65 South Wharf Promenade SOUTH WHARF VIC 3006,Southbank,Plus 5,90,144.9505,-37.82411
257,2019,806,110343,640947,Crown Casino Retail Precinct 27-45 Whiteman Street SOUTHBANK VIC 3006,Southbank,Kingpin Bowling Crown / Playtime,347,144.95861,-37.82576
258,2019,807,108054,108054,40-56 Queens Bridge Street SOUTHBANK VIC 3006,Southbank,Mesh/Tonic Bar,300,144.96001,-37.82399
259,2019,813,110349,110349,1-23 City Road SOUTHBANK VIC 3006,Southbank,Testing Ground,500,144.96753,-37.82137
260,2019,861,102503,102503,161-173 Domain Road SOUTH YARRA VIC 3141,South Yarra,Botanical Hotel,245,144.9817,-37.83432
